Name,Tm,R,H,2B,3B,HR,RBI,BA,OBP,SLG,OPS,DateTime
Jose Abreu,CHW,14,25,7,0,5,24,0.26,0.33299999999999996,0.49,0.823,2019-05-04 12:54:45
Ronald Acuna Jr.,ATL,17,28,3,1,6,18,0.298,0.41100000000000003,0.5429999999999999,0.953,2019-05-04 12:54:45
Willy Adames,TBR,12,18,4,1,1,4,0.209,0.27699999999999997,0.314,0.591,2019-05-04 12:54:45
Matt Adams,WSN,4,11,5,0,2,12,0.282,0.275,0.564,0.8390000000000001,2019-05-04 12:54:45
Ehire Adrianza,MIN,4,5,0,0,0,1,0.161,0.25,0.161,0.41100000000000003,2019-05-04 12:54:45
Jesus Aguilar,MIL,5,9,2,0,0,5,0.129,0.225,0.157,0.382,2019-05-04 12:54:45
Nick Ahmed,ARI,18,27,8,1,2,13,0.26,0.295,0.413,0.708,2019-05-04 12:54:45
Hanser Alberto,BAL,2,20,1,0,1,7,0.299,0.314,0.358,0.672,2019-05-04 12:54:45
Ozzie Albies,ATL,20,30,5,1,3,8,0.278,0.345,0.426,0.77,2019-05-04 12:54:45
Sandy Alcantara,MIA,0,1,0,0,0,0,0.14300000000000002,0.14300000000000002,0.14300000000000002,0.28600000000000003,2019-05-04 12:54:45
Jorge Alfaro,MIA,9,22,0,0,5,9,0.297,0.342,0.5,0.8420000000000001,2019-05-04 12:54:45
Anthony Alford,TOR,0,0,0,0,0,0,0.0,0.0,0.0,0.0,2019-05-04 12:54:45
Cody Allen,LAA,0,0,0,0,0,0,0.0,0.0,0.0,0.0,2019-05-04 12:54:45
Greg Allen,CLE,4,4,2,0,0,6,0.105,0.16699999999999998,0.158,0.325,2019-05-04 12:54:45
Yency Almonte,COL,0,0,0,0,0,0,0.0,0.0,0.0,0.0,2019-05-04 12:54:45
Albert Almora,CHC,6,15,1,0,1,5,0.24600000000000002,0.313,0.311,0.625,2019-05-04 12:54:45
Pete Alonso,NYM,19,29,8,0,9,24,0.309,0.40399999999999997,0.6809999999999999,1.085,2019-05-04 12:54:45
Yonder Alonso,CHW,12,15,3,0,4,11,0.185,0.313,0.37,0.6829999999999999,2019-05-04 12:54:45
Aaron Altherr,PHI,1,1,1,0,0,1,0.037000000000000005,0.071,0.07400000000000001,0.146,2019-05-04 12:54:45
Jose Altuve,HOU,14,27,2,0,9,20,0.267,0.353,0.5539999999999999,0.9079999999999999,2019-05-04 12:54:45
Brian Anderson,MIA,5,24,4,0,2,5,0.24,0.327,0.34,0.667,2019-05-04 12:54:45
Chase Anderson,MIL,0,0,0,0,0,0,0.0,0.0,0.0,0.0,2019-05-04 12:54:45
Drew Anderson,PHI,0,0,0,0,0,0,0.0,0.0,0.0,0.0,2019-05-04 12:54:45
Tim Anderson,CHW,20,35,5,0,5,16,0.402,0.42200000000000004,0.632,1.054,2019-05-04 12:54:45
Tyler Anderson,COL,1,1,0,0,0,0,0.25,0.25,0.25,0.5,2019-05-04 12:54:45
Matt Andriese,ARI,0,0,0,0,0,0,0.0,0.0,0.0,0.0,2019-05-04 12:54:45
Elvis Andrus,TEX,16,36,7,1,4,18,0.364,0.42200000000000004,0.5760000000000001,0.998,2019-05-04 12:54:45
Miguel Andujar,NYY,1,3,0,0,0,1,0.231,0.214,0.231,0.445,2019-05-04 12:54:45
Chris Archer,PIT,0,1,0,0,0,0,0.111,0.111,0.111,0.222,2019-05-04 12:54:45
Orlando Arcia,MIL,12,20,2,1,4,10,0.225,0.281,0.40399999999999997,0.6859999999999999,2019-05-04 12:54:45
Nolan Arenado,COL,19,31,6,1,6,20,0.292,0.336,0.5379999999999999,0.8740000000000001,2019-05-04 12:54:45
Jake Arrieta,PHI,1,1,0,0,0,1,0.077,0.077,0.077,0.154,2019-05-04 12:54:45
Christian Arroyo,TBR,0,3,0,0,0,2,0.273,0.33299999999999996,0.273,0.606,2019-05-04 12:54:45
Willians Astudillo,MIN,11,16,4,0,2,7,0.327,0.34,0.531,0.87,2019-05-04 12:54:45
Tyler Austin,SFG,4,6,0,0,0,1,0.28600000000000003,0.4,0.28600000000000003,0.6859999999999999,2019-05-04 12:54:45
Alex Avila,ARI,5,5,1,0,2,5,0.33299999999999996,0.524,0.8,1.324,2019-05-04 12:54:45
Pedro Avila,SDP,0,0,0,0,0,0,0.0,0.0,0.0,0.0,2019-05-04 12:54:45
Harrison Bader,STL,6,8,1,0,2,6,0.19,0.358,0.35700000000000004,0.716,2019-05-04 12:54:45
Javier Baez,CHC,23,35,7,1,9,22,0.33299999999999996,0.369,0.6759999999999999,1.046,2019-05-04 12:54:45
Austin Barnes,LAD,12,14,2,0,3,8,0.215,0.342,0.385,0.726,2019-05-04 12:54:45
Matt Barnes,BOS,0,0,0,0,0,0,0.0,0.0,0.0,0.0,2019-05-04 12:54:45
Tucker Barnhart,CIN,7,12,2,0,2,4,0.207,0.324,0.345,0.6679999999999999,2019-05-04 12:54:45
Jake Bauers,CLE,11,18,3,0,3,10,0.225,0.319,0.375,0.6940000000000001,2019-05-04 12:54:45
Gordon Beckham,DET,7,9,3,0,3,4,0.243,0.349,0.568,0.9159999999999999,2019-05-04 12:54:45
Tim Beckham,SEA,17,29,7,0,6,19,0.287,0.363,0.535,0.897,2019-05-04 12:54:45
Josh Bell,PIT,16,24,6,2,6,18,0.27,0.35,0.584,0.934,2019-05-04 12:54:45
Cody Bellinger,LAD,29,42,6,1,13,33,0.42,0.5,0.89,1.39,2019-05-04 12:54:45
Brandon Belt,SFG,10,20,6,1,5,11,0.22699999999999998,0.33299999999999996,0.489,0.8220000000000001,2019-05-04 12:54:45
Andrew Benintendi,BOS,11,26,7,1,2,13,0.292,0.375,0.461,0.836,2019-05-04 12:54:45
Jose Berrios,MIN,0,0,0,0,0,0,0.0,0.0,0.0,0.0,2019-05-04 12:54:45
Jon Berti,MIA,3,2,0,0,0,2,0.14300000000000002,0.235,0.14300000000000002,0.37799999999999995,2019-05-04 12:54:45
Chad Bettis,COL,0,0,0,0,0,0,0.0,0.0,0.0,0.0,2019-05-04 12:54:45
Mookie Betts,BOS,20,27,7,0,5,13,0.267,0.37,0.485,0.855,2019-05-04 12:54:45
Greg Bird,NYY,6,6,0,0,1,1,0.171,0.293,0.257,0.55,2019-05-04 12:54:45
Braden Bishop,SEA,0,0,0,0,0,0,0.0,0.0,0.0,0.0,2019-05-04 12:54:45
Charlie Blackmon,COL,13,31,6,3,3,14,0.272,0.32299999999999995,0.456,0.779,2019-05-04 12:54:45
Xander Bogaerts,BOS,17,27,7,0,4,14,0.284,0.373,0.484,0.857,2019-05-04 12:54:45
David Bote,CHC,10,16,5,0,3,14,0.29600000000000004,0.397,0.556,0.9520000000000001,2019-05-04 12:54:45
Justin Bour,LAA,6,13,3,0,2,10,0.17600000000000002,0.27399999999999997,0.297,0.5710000000000001,2019-05-04 12:54:45
Peter Bourjos,LAA,4,4,1,0,0,2,0.091,0.109,0.114,0.222,2019-05-04 12:54:45
Jackie Bradley Jr.,BOS,5,11,2,0,0,4,0.14300000000000002,0.23,0.16899999999999998,0.39899999999999997,2019-05-04 12:54:45
Michael Brantley,HOU,14,33,6,0,5,18,0.314,0.365,0.514,0.88,2019-05-04 12:54:45
Steven Brault,PIT,0,1,0,0,0,0,0.5,0.5,0.5,1.0,2019-05-04 12:54:45
Ryan Braun,MIL,10,18,3,0,5,16,0.205,0.255,0.409,0.664,2019-05-04 12:54:45
Alex Bregman,HOU,13,25,5,0,4,13,0.29100000000000004,0.41700000000000004,0.488,0.905,2019-05-04 12:54:45
Lewis Brinson,MIA,4,14,5,0,0,4,0.192,0.244,0.26,0.504,2019-05-04 12:54:45
Socrates Brito,TOR,4,2,0,1,0,2,0.07400000000000001,0.19399999999999998,0.14800000000000002,0.342,2019-05-04 12:54:45
Keon Broxton,NYM,4,6,0,0,0,2,0.158,0.23800000000000002,0.158,0.396,2019-05-04 12:54:45
Jay Bruce,SEA,15,16,3,0,9,16,0.193,0.27699999999999997,0.5539999999999999,0.831,2019-05-04 12:54:45
Kris Bryant,CHC,16,21,9,0,2,10,0.233,0.361,0.4,0.7609999999999999,2019-05-04 12:54:45
Walker Buehler,LAD,1,1,0,0,1,1,0.125,0.125,0.5,0.625,2019-05-04 12:54:45
Madison Bumgarner,SFG,1,3,0,0,1,2,0.231,0.231,0.462,0.6920000000000001,2019-05-04 12:54:45
Corbin Burnes,MIL,0,2,0,0,0,0,0.33299999999999996,0.33299999999999996,0.33299999999999996,0.667,2019-05-04 12:54:45
Drew Butera,COL,4,3,2,0,0,0,0.2,0.25,0.33299999999999996,0.583,2019-05-04 12:54:45
Byron Buxton,MIN,11,19,12,1,0,9,0.268,0.325,0.465,0.789,2019-05-04 12:54:45
Asdrubal Cabrera,TEX,14,18,2,0,6,17,0.237,0.298,0.5,0.7979999999999999,2019-05-04 12:54:45
Melky Cabrera,PIT,5,23,4,0,1,4,0.303,0.32899999999999996,0.395,0.7240000000000001,2019-05-04 12:54:45
Miguel Cabrera,DET,9,28,5,0,1,10,0.292,0.36700000000000005,0.375,0.742,2019-05-04 12:54:45
Trevor Cahill,LAA,0,0,0,0,0,0,0.0,0.0,0.0,0.0,2019-05-04 12:54:45
Lorenzo Cain,MIL,21,31,7,0,3,9,0.284,0.34700000000000003,0.431,0.778,2019-05-04 12:54:45
Kole Calhoun,LAA,17,21,5,0,7,16,0.21,0.301,0.47,0.7709999999999999,2019-05-04 12:54:45
Johan Camargo,ATL,5,13,4,0,1,10,0.23600000000000002,0.3,0.364,0.664,2019-05-04 12:54:45
Jeimer Candelario,DET,13,22,5,1,0,5,0.239,0.33299999999999996,0.315,0.649,2019-05-04 12:54:45
Mark Canha,OAK,8,8,1,0,2,4,0.21600000000000003,0.4,0.405,0.805,2019-05-04 12:54:45
Robinson Cano,NYM,9,27,7,0,3,11,0.27,0.324,0.43,0.754,2019-05-04 12:54:45
Victor Caratini,CHC,4,8,3,0,1,5,0.5710000000000001,0.647,1.0,1.6469999999999998,2019-05-04 12:54:45
Shane Carle,ATL,0,0,0,0,0,0,0.0,0.0,0.0,0.0,2019-05-04 12:54:45
Matt Carpenter,STL,17,21,5,1,3,5,0.21899999999999997,0.33899999999999997,0.385,0.725,2019-05-04 12:54:45
Curt Casali,CIN,3,11,5,0,0,5,0.306,0.342,0.444,0.787,2019-05-04 12:54:45
Nicholas Castellanos,DET,14,24,8,1,2,8,0.267,0.33,0.444,0.774,2019-05-04 12:54:45
Diego Castillo,TBR,0,0,0,0,0,0,0.0,0.0,0.0,0.0,2019-05-04 12:54:45
Luis Castillo,CIN,1,1,0,0,0,0,0.091,0.091,0.091,0.182,2019-05-04 12:54:45
Welington Castillo,CHW,2,8,1,0,2,6,0.17800000000000002,0.33899999999999997,0.33299999999999996,0.6729999999999999,2019-05-04 12:54:45
Jason Castro,MIN,7,6,1,0,2,4,0.214,0.389,0.46399999999999997,0.853,2019-05-04 12:54:45
Starlin Castro,MIA,11,28,1,0,3,9,0.267,0.325,0.36200000000000004,0.6859999999999999,2019-05-04 12:54:45
Jake Cave,MIN,1,7,1,0,0,3,0.233,0.324,0.267,0.59,2019-05-04 12:54:45
Francisco Cervelli,PIT,9,14,2,0,1,4,0.175,0.24100000000000002,0.23800000000000002,0.479,2019-05-04 12:54:45
Luis Cessa,NYY,0,0,0,0,0,0,0.0,0.0,0.0,0.0,2019-05-04 12:54:45
Jhoulys Chacin,MIL,2,3,0,0,1,1,0.429,0.5,0.857,1.357,2019-05-04 12:54:45
Matt Chapman,OAK,14,29,6,0,8,18,0.29600000000000004,0.38799999999999996,0.602,0.99,2019-05-04 12:54:45
Tyler Chatwood,CHC,0,0,0,0,0,0,0.0,0.0,0.0,0.0,2019-05-04 12:54:45
Michael Chavis,BOS,4,4,1,0,2,4,0.2,0.40700000000000003,0.55,0.9570000000000001,2019-05-04 12:54:45
Robinson Chirinos,HOU,10,17,7,0,2,9,0.27899999999999997,0.37,0.49200000000000005,0.862,2019-05-04 12:54:45
Yonny Chirinos,TBR,0,0,0,0,0,0,0.0,0.0,0.0,0.0,2019-05-04 12:54:45
Ji-Man Choi,TBR,9,18,5,1,1,6,0.28600000000000003,0.387,0.444,0.831,2019-05-04 12:54:45
Shin-Soo Choo,TEX,18,29,11,2,2,9,0.319,0.415,0.5489999999999999,0.965,2019-05-04 12:54:45
Steve Cishek,CHC,0,0,0,0,0,0,0.0,0.0,0.0,0.0,2019-05-04 12:54:45
Nick Ciuffo,TBR,0,0,0,0,0,0,0.0,0.0,0.0,0.0,2019-05-04 12:54:45
Taylor Clarke,ARI,0,1,0,0,0,0,1.0,1.0,1.0,2.0,2019-05-04 12:54:45
Michael Conforto,NYM,19,26,7,0,6,13,0.271,0.39799999999999996,0.531,0.93,2019-05-04 12:54:45
Willson Contreras,CHC,15,20,5,0,6,16,0.28600000000000003,0.425,0.614,1.04,2019-05-04 12:54:45
Garrett Cooper,MIA,0,0,0,0,0,0,0.0,0.0,0.0,0.0,2019-05-04 12:54:45
Patrick Corbin,WSN,1,3,0,0,0,1,0.33299999999999996,0.33299999999999996,0.33299999999999996,0.667,2019-05-04 12:54:45
Ryan Cordell,CHW,5,8,2,0,2,5,0.258,0.324,0.516,0.84,2019-05-04 12:54:45
Franchy Cordero,SDP,2,5,1,0,0,1,0.33299999999999996,0.45,0.4,0.85,2019-05-04 12:54:45
Carlos Correa,HOU,12,26,8,0,6,15,0.27699999999999997,0.34,0.5529999999999999,0.893,2019-05-04 12:54:45
Zack Cozart,LAA,2,7,1,0,0,4,0.109,0.157,0.125,0.282,2019-05-04 12:54:45
Brandon Crawford,SFG,5,19,2,0,0,2,0.207,0.27699999999999997,0.228,0.505,2019-05-04 12:54:45
C.J. Cron,MIN,9,19,3,0,5,14,0.25,0.28800000000000003,0.48700000000000004,0.774,2019-05-04 12:54:45
Nelson Cruz,MIN,14,22,5,0,5,15,0.314,0.42200000000000004,0.6,1.022,2019-05-04 12:54:45
Noel Cuevas,COL,0,0,0,0,0,0,0.0,0.0,0.0,0.0,2019-05-04 12:54:45
Charlie Culberson,ATL,2,5,2,0,2,6,0.455,0.455,1.182,1.636,2019-05-04 12:54:45
Travis d'Arnaud,NYM,2,2,0,0,0,2,0.087,0.16,0.087,0.247,2019-05-04 12:54:45
David Dahl,COL,11,25,8,2,2,7,0.36200000000000004,0.4,0.623,1.023,2019-05-04 12:54:45
Yu Darvish,CHC,0,0,0,0,0,0,0.0,0.0,0.0,0.0,2019-05-04 12:54:45
Zach Davies,MIL,0,1,0,0,0,0,0.1,0.182,0.1,0.282,2019-05-04 12:54:45
Chris Davis,BAL,5,9,3,0,2,10,0.145,0.221,0.29,0.511,2019-05-04 12:54:45
J.D. Davis,NYM,11,17,3,0,3,7,0.27899999999999997,0.389,0.475,0.8640000000000001,2019-05-04 12:54:45
Khris Davis,OAK,14,23,1,0,10,22,0.217,0.278,0.509,0.7879999999999999,2019-05-04 12:54:45
Taylor Davis,CHC,0,0,0,0,0,0,0.0,0.0,0.0,0.0,2019-05-04 12:54:45
Yonathan Daza,COL,0,0,0,0,0,0,0.0,0.083,0.0,0.083,2019-05-04 12:54:45
Austin Dean,MIA,3,5,2,0,1,6,0.22699999999999998,0.217,0.455,0.672,2019-05-04 12:54:45
Jacob deGrom,NYM,1,1,0,0,1,1,0.111,0.111,0.444,0.556,2019-05-04 12:54:45
Paul DeJong,STL,23,37,11,1,5,13,0.34600000000000003,0.397,0.607,1.004,2019-05-04 12:54:45
Nicky Delmonico,CHW,1,2,1,0,0,1,0.2,0.273,0.3,0.573,2019-05-04 12:54:45
Daniel Descalso,CHC,11,19,5,0,1,10,0.284,0.368,0.40299999999999997,0.7709999999999999,2019-05-04 12:54:45
Anthony DeSclafani,CIN,0,0,0,0,0,0,0.0,0.0,0.0,0.0,2019-05-04 12:54:45
Delino DeShields,TEX,8,13,3,1,1,9,0.188,0.33299999999999996,0.304,0.638,2019-05-04 12:54:45
Ian Desmond,COL,5,15,6,0,1,10,0.18100000000000002,0.21600000000000003,0.289,0.505,2019-05-04 12:54:45
Rafael Devers,BOS,13,25,6,0,0,7,0.278,0.375,0.344,0.7190000000000001,2019-05-04 12:54:45
Aledmys Diaz,HOU,5,8,1,1,2,8,0.22899999999999998,0.25,0.486,0.736,2019-05-04 12:54:45
Elias Diaz,PIT,0,1,0,0,0,1,0.125,0.125,0.125,0.25,2019-05-04 12:54:45
Yandy Diaz,TBR,17,24,4,0,7,14,0.27899999999999997,0.381,0.57,0.951,2019-05-04 12:54:45
Corey Dickerson,PIT,1,2,1,0,1,2,0.154,0.313,0.462,0.774,2019-05-04 12:54:45
Derek Dietrich,CIN,8,11,1,1,5,14,0.21600000000000003,0.317,0.569,0.885,2019-05-04 12:54:45
Wilmer Difo,WSN,10,17,2,0,2,6,0.24600000000000002,0.316,0.36200000000000004,0.6779999999999999,2019-05-04 12:54:45
Brandon Dixon,DET,0,6,2,0,0,4,0.429,0.467,0.5710000000000001,1.038,2019-05-04 12:54:45
Seranthony Dominguez,PHI,0,0,0,0,0,0,0.0,0.0,0.0,0.0,2019-05-04 12:54:45
Josh Donaldson,ATL,18,24,8,0,4,10,0.261,0.382,0.478,0.86,2019-05-04 12:54:45
Sean Doolittle,WSN,0,0,0,0,0,0,0.0,0.0,0.0,0.0,2019-05-04 12:54:45
Brian Dozier,WSN,8,13,1,0,4,6,0.17300000000000001,0.287,0.34700000000000003,0.634,2019-05-04 12:54:45
Hunter Dozier,KCR,13,28,4,2,7,16,0.35,0.442,0.713,1.155,2019-05-04 12:54:45
Brandon Drury,TOR,9,19,5,1,3,5,0.209,0.258,0.385,0.642,2019-05-04 12:54:45
Lucas Duda,KCR,3,8,1,0,2,8,0.174,0.304,0.326,0.63,2019-05-04 12:54:45
Steven Duggar,SFG,10,23,5,0,3,11,0.223,0.268,0.359,0.627,2019-05-04 12:54:45
Jon Duplantier,ARI,0,0,0,0,0,0,0.0,0.0,0.0,0.0,2019-05-04 12:54:45
Jarrod Dyson,ARI,13,19,1,1,3,8,0.317,0.408,0.517,0.925,2019-05-04 12:54:45
Adam Eaton,WSN,17,31,4,1,1,6,0.298,0.365,0.385,0.75,2019-05-04 12:54:45
Zach Eflin,PHI,0,1,0,0,0,0,0.125,0.125,0.125,0.25,2019-05-04 12:54:45
Jerad Eickhoff,PHI,0,0,0,0,0,0,0.0,0.25,0.0,0.25,2019-05-04 12:54:45
Edwin Encarnacion,SEA,19,23,1,0,7,19,0.24,0.368,0.469,0.836,2019-05-04 12:54:45
Adam Engel,CHW,3,5,2,0,1,3,0.135,0.179,0.27,0.45,2019-05-04 12:54:45
Phil Ervin,CIN,1,1,0,1,0,1,0.125,0.3,0.375,0.675,2019-05-04 12:54:45
Eduardo Escobar,ARI,14,28,7,1,3,14,0.28300000000000003,0.363,0.465,0.8270000000000001,2019-05-04 12:54:45
Thairo Estrada,NYY,1,4,0,0,0,1,0.4,0.455,0.4,0.855,2019-05-04 12:54:45
Kyle Farmer,CIN,3,4,0,0,3,7,0.16699999999999998,0.25,0.542,0.792,2019-05-04 12:54:45
Jack Flaherty,STL,1,1,0,0,0,0,0.14300000000000002,0.14300000000000002,0.14300000000000002,0.28600000000000003,2019-05-04 12:54:45
David Fletcher,LAA,12,26,4,1,1,10,0.299,0.344,0.402,0.746,2019-05-04 12:54:45
Chris Flexen,NYM,0,1,0,0,0,0,0.5,0.5,0.5,1.0,2019-05-04 12:54:45
Wilmer Flores,ARI,8,16,4,0,0,5,0.21899999999999997,0.275,0.27399999999999997,0.5489999999999999,2019-05-04 12:54:45
Tyler Flowers,ATL,6,17,0,1,3,4,0.37799999999999995,0.44,0.622,1.062,2019-05-04 12:54:45
Mike Foltynewicz,ATL,0,0,0,0,0,0,0.0,0.0,0.0,0.0,2019-05-04 12:54:45
Mike Ford,NYY,6,4,1,0,1,2,0.16699999999999998,0.375,0.33299999999999996,0.708,2019-05-04 12:54:45
Logan Forsythe,TEX,12,18,6,0,2,11,0.261,0.373,0.435,0.8079999999999999,2019-05-04 12:54:45
Dexter Fowler,STL,12,23,5,0,1,6,0.303,0.40399999999999997,0.408,0.812,2019-05-04 12:54:45
Maikel Franco,PHI,15,26,5,0,7,22,0.271,0.36,0.542,0.902,2019-05-04 12:54:45
Adam Frazier,PIT,11,22,5,0,1,4,0.265,0.344,0.361,0.706,2019-05-04 12:54:45
Clint Frazier,NYY,10,22,3,0,6,17,0.324,0.342,0.632,0.975,2019-05-04 12:54:45
Todd Frazier,NYM,1,3,0,0,1,5,0.188,0.235,0.375,0.61,2019-05-04 12:54:45
Kyle Freeland,COL,0,0,0,0,0,0,0.0,0.28600000000000003,0.0,0.28600000000000003,2019-05-04 12:54:45
Freddie Freeman,ATL,22,31,7,0,4,16,0.313,0.433,0.505,0.938,2019-05-04 12:54:45
Mike Freeman,CLE,1,3,0,0,0,2,0.214,0.353,0.214,0.5670000000000001,2019-05-04 12:54:45
David Freese,LAD,6,7,4,0,1,5,0.18899999999999997,0.348,0.37799999999999995,0.726,2019-05-04 12:54:45
David Freitas,SEA,1,0,0,0,0,1,0.0,0.25,0.0,0.25,2019-05-04 12:54:45
Max Fried,ATL,1,1,0,0,0,0,0.14300000000000002,0.14300000000000002,0.14300000000000002,0.28600000000000003,2019-05-04 12:54:45
Josh Fuentes,COL,2,2,0,0,0,0,0.111,0.111,0.111,0.222,2019-05-04 12:54:45
Drew Gagnon,NYM,0,0,0,0,0,0,0.0,0.0,0.0,0.0,2019-05-04 12:54:45
Rocky Gale,LAD,1,2,0,0,0,0,0.14300000000000002,0.14300000000000002,0.14300000000000002,0.28600000000000003,2019-05-04 12:54:45
Cam Gallagher,KCR,2,4,0,0,0,2,0.174,0.174,0.174,0.348,2019-05-04 12:54:45
Giovanny Gallegos,STL,0,0,0,0,0,0,0.0,0.0,0.0,0.0,2019-05-04 12:54:45
Joey Gallo,TEX,19,22,4,1,9,23,0.259,0.385,0.647,1.032,2019-05-04 12:54:45
Isaac Galloway,MIA,4,8,1,0,0,1,0.258,0.258,0.29,0.5479999999999999,2019-05-04 12:54:45
Freddy Galvis,TOR,12,28,4,0,5,12,0.311,0.33299999999999996,0.522,0.856,2019-05-04 12:54:45
Ben Gamel,MIL,8,12,4,0,1,4,0.255,0.375,0.40399999999999997,0.779,2019-05-04 12:54:45
John Gant,STL,0,0,0,0,0,0,0.0,0.0,0.0,0.0,2019-05-04 12:54:45
Avisail Garcia,TBR,11,22,4,1,4,10,0.25,0.305,0.455,0.76,2019-05-04 12:54:45
Greg Garcia,SDP,2,4,2,0,0,1,0.222,0.318,0.33299999999999996,0.652,2019-05-04 12:54:45
Leury Garcia,CHW,20,28,7,0,1,10,0.292,0.327,0.396,0.723,2019-05-04 12:54:45
Brett Gardner,NYY,16,22,4,1,5,11,0.22899999999999998,0.33299999999999996,0.44799999999999995,0.7809999999999999,2019-05-04 12:54:45
Mitch Garver,MIN,11,16,4,0,5,10,0.4,0.442,0.875,1.317,2019-05-04 12:54:45
Kevin Gausman,ATL,0,1,0,0,0,0,0.111,0.111,0.111,0.222,2019-05-04 12:54:45
Kyle Gibson,MIN,0,0,0,0,0,0,0.0,0.0,0.0,0.0,2019-05-04 12:54:45
Tyler Glasnow,TBR,0,0,0,0,0,0,0.0,0.0,0.0,0.0,2019-05-04 12:54:45
Zack Godley,ARI,2,3,0,0,0,1,0.273,0.33299999999999996,0.273,0.606,2019-05-04 12:54:45
Paul Goldschmidt,STL,21,29,3,0,9,19,0.284,0.381,0.578,0.96,2019-05-04 12:54:45
Yan Gomes,WSN,5,15,2,0,2,8,0.259,0.32799999999999996,0.397,0.725,2019-05-04 12:54:45
Carlos Gonzalez,CLE,6,11,0,0,1,2,0.282,0.349,0.359,0.708,2019-05-04 12:54:45
Erik Gonzalez,PIT,2,11,2,1,0,2,0.21600000000000003,0.298,0.294,0.5920000000000001,2019-05-04 12:54:45
Marwin Gonzalez,MIN,5,12,1,0,2,5,0.16399999999999998,0.228,0.26,0.488,2019-05-04 12:54:45
Niko Goodrum,DET,11,18,8,0,2,9,0.243,0.36700000000000005,0.43200000000000005,0.799,2019-05-04 12:54:45
Brian Goodwin,LAA,17,24,5,1,3,10,0.33299999999999996,0.43,0.556,0.986,2019-05-04 12:54:45
Alex Gordon,KCR,17,30,9,0,5,21,0.309,0.4,0.557,0.9570000000000001,2019-05-04 12:54:45
Dee Gordon,SEA,12,29,3,1,2,16,0.29,0.321,0.4,0.721,2019-05-04 12:54:45
Terrance Gore,KCR,5,7,1,1,0,1,0.43799999999999994,0.47100000000000003,0.625,1.0959999999999999,2019-05-04 12:54:45
Phil Gosselin,PHI,1,4,1,0,0,4,0.19,0.19,0.23800000000000002,0.429,2019-05-04 12:54:45
Yasmani Grandal,MIL,15,25,2,0,6,12,0.294,0.371,0.529,0.9009999999999999,2019-05-04 12:54:45
Curtis Granderson,MIA,7,14,5,0,3,10,0.184,0.281,0.368,0.649,2019-05-04 12:54:45
Jon Gray,COL,0,1,0,0,0,0,0.083,0.083,0.083,0.16699999999999998,2019-05-04 12:54:45
Sonny Gray,CIN,0,0,0,0,0,0,0.0,0.0,0.0,0.0,2019-05-04 12:54:45
Grayson Greiner,DET,7,15,2,0,3,8,0.22699999999999998,0.271,0.39399999999999996,0.665,2019-05-04 12:54:45
Zack Greinke,ARI,5,6,2,1,2,4,0.462,0.5,1.2309999999999999,1.7309999999999999,2019-05-04 12:54:45
Randal Grichuk,TOR,16,24,7,0,4,11,0.23800000000000002,0.3,0.426,0.726,2019-05-04 12:54:45
Robbie Grossman,OAK,11,16,3,0,2,7,0.22899999999999998,0.308,0.35700000000000004,0.665,2019-05-04 12:54:45
Vladimir Guerrero Jr.,TOR,0,2,1,0,0,0,0.25,0.33299999999999996,0.375,0.708,2019-05-04 12:54:45
Luis Guillorme,NYM,3,3,0,0,0,0,0.16699999999999998,0.21100000000000002,0.16699999999999998,0.377,2019-05-04 12:54:45
Lourdes Gurriel Jr.,TOR,2,7,4,0,0,7,0.175,0.25,0.275,0.525,2019-05-04 12:54:45
Yuli Gurriel,HOU,11,24,8,1,1,8,0.25,0.305,0.385,0.69,2019-05-04 12:54:45
Kelvin Gutierrez,KCR,0,1,0,0,0,2,0.33299999999999996,0.5,0.33299999999999996,0.833,2019-05-04 12:54:45
Ronald Guzman,TEX,4,6,4,0,2,4,0.231,0.28600000000000003,0.615,0.9009999999999999,2019-05-04 12:54:45
Jedd Gyorko,STL,2,2,0,0,0,1,0.14300000000000002,0.25,0.14300000000000002,0.39299999999999996,2019-05-04 12:54:45
Josh Hader,MIL,0,0,0,0,0,0,0.0,0.0,0.0,0.0,2019-05-04 12:54:45
Cole Hamels,CHC,0,0,0,0,0,1,0.0,0.0,0.0,0.0,2019-05-04 12:54:45
Billy Hamilton,KCR,12,16,1,2,0,3,0.21600000000000003,0.298,0.284,0.581,2019-05-04 12:54:45
Garrett Hampson,COL,8,13,2,1,1,4,0.183,0.203,0.282,0.484,2019-05-04 12:54:45
Mitch Haniger,SEA,28,30,11,1,7,19,0.25,0.32799999999999996,0.5329999999999999,0.862,2019-05-04 12:54:45
Alen Hanson,TOR,5,7,0,0,0,4,0.175,0.22699999999999998,0.175,0.402,2019-05-04 12:54:45
J.A. Happ,NYY,1,0,0,0,0,0,0.0,0.0,0.0,0.0,2019-05-04 12:54:45
Bryce Harper,PHI,16,25,8,0,6,19,0.255,0.397,0.52,0.917,2019-05-04 12:54:45
Josh Harrison,DET,7,14,4,0,1,7,0.156,0.212,0.233,0.445,2019-05-04 12:54:45
Ryon Healy,SEA,19,25,12,0,5,20,0.231,0.303,0.48100000000000004,0.785,2019-05-04 12:54:45
Austin Hedges,SDP,5,11,1,0,4,9,0.2,0.267,0.436,0.703,2019-05-04 12:54:45
Jeremy Hellickson,WSN,2,1,0,0,0,0,0.25,0.4,0.25,0.65,2019-05-04 12:54:45
Ryan Helsley,STL,0,1,0,0,0,0,1.0,1.0,1.0,2.0,2019-05-04 12:54:45
Kyle Hendricks,CHC,1,1,0,0,0,0,0.1,0.182,0.1,0.282,2019-05-04 12:54:45
Guillermo Heredia,TBR,2,4,1,0,1,5,0.182,0.33299999999999996,0.364,0.6970000000000001,2019-05-04 12:54:45
Cesar Hernandez,PHI,14,28,5,1,2,9,0.275,0.336,0.402,0.738,2019-05-04 12:54:45
Enrique Hernandez,LAD,14,20,4,0,5,15,0.235,0.33299999999999996,0.45899999999999996,0.792,2019-05-04 12:54:45
Felix Hernandez,SEA,0,0,0,0,0,0,0.0,0.0,0.0,0.0,2019-05-04 12:54:45
Teoscar Hernandez,TOR,11,19,2,1,2,13,0.21600000000000003,0.293,0.33,0.622,2019-05-04 12:54:45
Odubel Herrera,PHI,7,17,4,0,1,7,0.27,0.319,0.381,0.7,2019-05-04 12:54:45
Rosell Herrera,MIA,4,8,2,0,0,3,0.151,0.21100000000000002,0.18899999999999997,0.39899999999999997,2019-05-04 12:54:45
Jason Heyward,CHC,15,23,1,0,5,15,0.32899999999999996,0.456,0.557,1.013,2019-05-04 12:54:45
John Hicks,DET,2,15,5,0,1,4,0.306,0.37,0.469,0.84,2019-05-04 12:54:45
Kyle Higashioka,NYY,2,3,2,0,0,1,0.2,0.188,0.33299999999999996,0.521,2019-05-04 12:54:45
Jeff Hoffman,COL,0,0,0,0,0,0,0.0,0.0,0.0,0.0,2019-05-04 12:54:45
Derek Holland,SFG,0,1,0,0,0,0,0.111,0.111,0.111,0.222,2019-05-04 12:54:45
Brock Holt,BOS,0,1,0,0,0,1,0.063,0.21100000000000002,0.063,0.273,2019-05-04 12:54:45
Rhys Hoskins,PHI,19,27,5,1,8,22,0.276,0.408,0.5920000000000001,1.0,2019-05-04 12:54:45
Eric Hosmer,SDP,11,22,5,0,3,14,0.22399999999999998,0.29,0.36700000000000005,0.657,2019-05-04 12:54:45
Adrian Houser,MIL,0,0,0,0,0,0,0.0,0.0,0.0,0.0,2019-05-04 12:54:45
Dakota Hudson,STL,0,0,0,0,0,0,0.0,0.0,0.0,0.0,2019-05-04 12:54:45
Nick Hundley,OAK,1,7,0,0,0,1,0.179,0.2,0.179,0.379,2019-05-04 12:54:45
Chris Iannetta,COL,2,6,2,0,1,2,0.207,0.303,0.379,0.682,2019-05-04 12:54:45
Jose Iglesias,CIN,6,19,3,0,1,5,0.284,0.324,0.373,0.6970000000000001,2019-05-04 12:54:45
Ender Inciarte,ATL,8,20,3,1,2,6,0.23,0.306,0.35600000000000004,0.662,2019-05-04 12:54:45
Alex Jackson,ATL,0,0,0,0,0,0,0.0,0.091,0.0,0.091,2019-05-04 12:54:45
Drew Jackson,BAL,0,0,0,0,0,0,0.0,0.25,0.0,0.25,2019-05-04 12:54:45
Danny Jansen,TOR,5,12,4,0,0,4,0.185,0.26,0.24600000000000002,0.506,2019-05-04 12:54:45
Kenley Jansen,LAD,0,0,0,0,0,0,0.0,0.0,0.0,0.0,2019-05-04 12:54:45
Eloy Jimenez,CHW,6,19,2,0,3,8,0.24100000000000002,0.294,0.38,0.674,2019-05-04 12:54:45
Connor Joe,SFG,1,1,0,0,0,0,0.067,0.125,0.067,0.192,2019-05-04 12:54:45
Adam Jones,ARI,13,32,9,0,5,18,0.314,0.386,0.5489999999999999,0.935,2019-05-04 12:54:45
JaCoby Jones,DET,4,7,1,0,1,1,0.156,0.22399999999999998,0.244,0.469,2019-05-04 12:54:45
Caleb Joseph,ARI,2,2,1,0,0,0,0.154,0.154,0.231,0.385,2019-05-04 12:54:45
Matthew Joyce,ATL,3,5,3,0,2,3,0.23800000000000002,0.33299999999999996,0.667,1.0,2019-05-04 12:54:45
Aaron Judge,NYY,13,21,2,0,5,11,0.28800000000000003,0.40399999999999997,0.521,0.925,2019-05-04 12:54:45
Jung Ho Kang,PIT,5,12,3,0,4,8,0.16899999999999998,0.23399999999999999,0.38,0.614,2019-05-04 12:54:45
Carson Kelly,ARI,3,9,6,0,0,6,0.2,0.23399999999999999,0.33299999999999996,0.5670000000000001,2019-05-04 12:54:45
Joe Kelly,LAD,0,0,0,0,0,0,0.0,0.0,0.0,0.0,2019-05-04 12:54:45
Merrill Kelly,ARI,1,0,0,0,0,0,0.0,0.111,0.0,0.111,2019-05-04 12:54:45
Matt Kemp,CIN,4,12,2,0,1,5,0.2,0.21,0.28300000000000003,0.493,2019-05-04 12:54:45
Tony Kemp,HOU,6,6,0,0,2,3,0.16699999999999998,0.268,0.33299999999999996,0.602,2019-05-04 12:54:45
Howie Kendrick,WSN,10,13,3,0,4,13,0.325,0.41200000000000003,0.7,1.112,2019-05-04 12:54:45
Max Kepler,MIN,13,21,3,0,6,15,0.263,0.33299999999999996,0.525,0.858,2019-05-04 12:54:45
Clayton Kershaw,LAD,0,0,0,0,0,0,0.0,0.0,0.0,0.0,2019-05-04 12:54:45
Carter Kieboom,WSN,1,1,0,0,1,1,0.125,0.125,0.5,0.625,2019-05-04 12:54:45
Kevin Kiermaier,TBR,15,23,6,3,2,10,0.261,0.305,0.466,0.7709999999999999,2019-05-04 12:54:45
Isiah Kiner-Falefa,TEX,7,10,2,0,0,5,0.244,0.354,0.293,0.647,2019-05-04 12:54:45
Scott Kingery,PHI,5,13,4,0,2,6,0.406,0.457,0.7190000000000001,1.176,2019-05-04 12:54:45
Ian Kinsler,SDP,7,11,3,0,2,2,0.141,0.221,0.256,0.47700000000000004,2019-05-04 12:54:45
Jason Kipnis,CLE,2,8,1,0,0,3,0.21100000000000002,0.28600000000000003,0.237,0.523,2019-05-04 12:54:45
Andrew Knapp,PHI,1,4,2,0,0,0,0.222,0.41700000000000004,0.33299999999999996,0.75,2019-05-04 12:54:45
Matt Koch,ARI,0,0,0,0,0,0,0.0,0.0,0.0,0.0,2019-05-04 12:54:45
Erik Kratz,SFG,1,4,2,0,1,3,0.16699999999999998,0.28600000000000003,0.375,0.6609999999999999,2019-05-04 12:54:45
Tommy La Stella,LAA,14,18,1,0,7,16,0.25,0.349,0.556,0.905,2019-05-04 12:54:45
Juan Lagares,NYM,7,11,1,0,1,5,0.244,0.32,0.33299999999999996,0.653,2019-05-04 12:54:45
Jake Lamb,ARI,1,4,1,0,0,2,0.267,0.389,0.33299999999999996,0.722,2019-05-04 12:54:45
Eric Lauer,SDP,0,0,0,0,0,0,0.0,0.0,0.0,0.0,2019-05-04 12:54:45
Ramon Laureano,OAK,15,24,4,0,3,10,0.247,0.305,0.381,0.6859999999999999,2019-05-04 12:54:45
DJ LeMahieu,NYY,17,30,9,0,1,15,0.306,0.36,0.429,0.789,2019-05-04 12:54:45
Sandy Leon,BOS,2,1,1,0,0,1,0.091,0.16699999999999998,0.182,0.348,2019-05-04 12:54:45
Jon Lester,CHC,1,2,1,0,0,2,0.5,0.667,0.75,1.4169999999999998,2019-05-04 12:54:45
Tzu-Wei Lin,BOS,1,2,1,0,0,0,0.154,0.154,0.231,0.385,2019-05-04 12:54:45
Francisco Lindor,CLE,5,7,0,0,3,6,0.259,0.25,0.593,0.843,2019-05-04 12:54:45
Tim Locastro,ARI,4,4,0,0,0,0,0.364,0.563,0.364,0.9259999999999999,2019-05-04 12:54:45
Evan Longoria,SFG,9,20,5,1,3,8,0.20600000000000002,0.245,0.371,0.616,2019-05-04 12:54:45
Pablo Lopez,MIA,0,1,0,0,0,0,0.16699999999999998,0.16699999999999998,0.16699999999999998,0.33299999999999996,2019-05-04 12:54:45
Michael Lorenzen,CIN,2,1,1,0,0,1,0.16699999999999998,0.28600000000000003,0.33299999999999996,0.619,2019-05-04 12:54:45
Brandon Lowe,TBR,14,25,5,1,6,17,0.29100000000000004,0.34700000000000003,0.581,0.929,2019-05-04 12:54:45
Joey Lucchesi,SDP,0,0,0,0,0,0,0.0,0.0,0.0,0.0,2019-05-04 12:54:45
Jonathan Lucroy,LAA,11,21,2,0,1,9,0.263,0.314,0.325,0.639,2019-05-04 12:54:45
Jordan Luplow,CLE,2,3,0,0,0,0,0.2,0.294,0.2,0.494,2019-05-04 12:54:45
Jordan Lyles,PIT,1,0,0,0,0,0,0.0,0.14300000000000002,0.0,0.14300000000000002,2019-05-04 12:54:45
Lance Lynn,TEX,0,0,0,0,0,0,0.0,0.0,0.0,0.0,2019-05-04 12:54:45
Manny Machado,SDP,13,23,2,0,4,11,0.245,0.336,0.39399999999999996,0.73,2019-05-04 12:54:45
Kenta Maeda,LAD,2,2,2,0,0,0,0.2,0.2,0.4,0.6,2019-05-04 12:54:45
Tyler Mahle,CIN,1,1,1,0,0,0,0.14300000000000002,0.14300000000000002,0.28600000000000003,0.429,2019-05-04 12:54:45
Mikie Mahtook,DET,0,0,0,0,0,0,0.0,0.08,0.0,0.08,2019-05-04 12:54:45
Luke Maile,TOR,3,5,1,0,1,2,0.172,0.25,0.31,0.56,2019-05-04 12:54:45
Martin Maldonado,KCR,7,13,3,0,1,2,0.183,0.266,0.268,0.5329999999999999,2019-05-04 12:54:45
Trey Mancini,BAL,23,39,11,0,6,14,0.355,0.405,0.618,1.023,2019-05-04 12:54:45
Nick Margevicius,SDP,0,2,0,0,0,0,0.33299999999999996,0.33299999999999996,0.33299999999999996,0.667,2019-05-04 12:54:45
Manuel Margot,SDP,9,19,5,0,2,9,0.264,0.27399999999999997,0.41700000000000004,0.691,2019-05-04 12:54:45
Jake Marisnick,HOU,8,11,3,0,1,3,0.282,0.33299999999999996,0.436,0.769,2019-05-04 12:54:45
Nick Markakis,ATL,17,31,8,0,2,18,0.341,0.41700000000000004,0.495,0.9109999999999999,2019-05-04 12:54:45
German Marquez,COL,0,1,0,0,0,0,0.091,0.091,0.091,0.182,2019-05-04 12:54:45
Ketel Marte,ARI,13,26,4,1,6,21,0.245,0.289,0.47200000000000003,0.7609999999999999,2019-05-04 12:54:45
Starling Marte,PIT,8,14,4,1,2,9,0.203,0.247,0.377,0.623,2019-05-04 12:54:45
Jason Martin,PIT,3,8,2,0,0,2,0.22899999999999998,0.289,0.28600000000000003,0.575,2019-05-04 12:54:45
Leonys Martin,CLE,15,23,4,0,5,8,0.242,0.345,0.442,0.7879999999999999,2019-05-04 12:54:45
Richie Martin,BAL,5,10,1,1,0,1,0.161,0.235,0.21,0.445,2019-05-04 12:54:45
Russell Martin,LAD,7,5,1,0,1,2,0.33299999999999996,0.5,0.6,1.1,2019-05-04 12:54:45
J.D. Martinez,BOS,13,33,6,0,4,13,0.34,0.423,0.526,0.9490000000000001,2019-05-04 12:54:45
Jose Martinez,STL,10,22,3,0,1,11,0.32799999999999996,0.35200000000000004,0.418,0.77,2019-05-04 12:54:45
Jeff Mathis,TEX,7,8,0,0,1,2,0.17,0.235,0.23399999999999999,0.469,2019-05-04 12:54:45
Phil Maton,SDP,0,0,0,0,0,0,0.0,0.0,0.0,0.0,2019-05-04 12:54:45
Steven Matz,NYM,0,0,0,0,0,0,0.0,0.0,0.0,0.0,2019-05-04 12:54:45
Cameron Maybin,NYY,1,2,0,0,0,1,0.33299999999999996,0.5,0.33299999999999996,0.833,2019-05-04 12:54:45
Nomar Mazara,TEX,14,22,5,1,5,20,0.25,0.32,0.5,0.82,2019-05-04 12:54:45
Brian McCann,ATL,2,10,2,0,1,8,0.27,0.364,0.405,0.769,2019-05-04 12:54:45
James McCann,CHW,8,17,2,0,2,5,0.36200000000000004,0.41200000000000003,0.532,0.9440000000000001,2019-05-04 12:54:45
Andrew McCutchen,PHI,21,25,6,1,5,10,0.243,0.366,0.466,0.8320000000000001,2019-05-04 12:54:45
Billy McKinney,TOR,9,18,6,0,1,4,0.237,0.289,0.355,0.644,2019-05-04 12:54:45
Ryan McMahon,COL,9,15,2,0,2,10,0.25,0.33799999999999997,0.38299999999999995,0.722,2019-05-04 12:54:45
Jeff McNeil,NYM,14,33,7,1,1,11,0.371,0.446,0.506,0.951,2019-05-04 12:54:45
Austin Meadows,TBR,11,26,4,1,6,19,0.35100000000000003,0.42200000000000004,0.6759999999999999,1.097,2019-05-04 12:54:45
Francisco Mejia,SDP,2,6,3,0,0,1,0.162,0.225,0.243,0.46799999999999997,2019-05-04 12:54:45
Jordy Mercer,DET,2,10,4,0,0,2,0.233,0.298,0.326,0.623,2019-05-04 12:54:45
Whit Merrifield,KCR,20,33,5,3,4,11,0.3,0.355,0.509,0.8640000000000001,2019-05-04 12:54:45
Miles Mikolas,STL,0,2,0,0,0,2,0.182,0.182,0.182,0.364,2019-05-04 12:54:45
Brad Miller,CLE,4,9,3,0,1,4,0.25,0.325,0.41700000000000004,0.742,2019-05-04 12:54:45
Mike Minor,TEX,0,0,0,0,0,0,0.0,0.0,0.0,0.0,2019-05-04 12:54:45
Yadier Molina,STL,10,26,8,0,2,16,0.265,0.284,0.408,0.6920000000000001,2019-05-04 12:54:45
Yoan Moncada,CHW,20,32,7,1,6,20,0.32299999999999995,0.374,0.596,0.97,2019-05-04 12:54:45
Adalberto Mondesi,KCR,15,31,6,4,3,22,0.29,0.31,0.505,0.815,2019-05-04 12:54:45
Dylan Moore,SEA,4,7,1,0,1,3,0.20600000000000002,0.308,0.324,0.631,2019-05-04 12:54:45
Kendrys Morales,OAK,4,11,1,0,1,4,0.16899999999999998,0.295,0.231,0.526,2019-05-04 12:54:45
Colin Moran,PIT,5,13,3,0,2,11,0.26,0.35100000000000003,0.44,0.7909999999999999,2019-05-04 12:54:45
Mitch Moreland,BOS,12,18,5,0,7,14,0.217,0.293,0.53,0.8240000000000001,2019-05-04 12:54:45
Max Moroff,CLE,3,4,1,0,1,4,0.129,0.182,0.258,0.44,2019-05-04 12:54:45
Mike Moustakas,MIL,12,21,5,0,6,13,0.259,0.355,0.5429999999999999,0.898,2019-05-04 12:54:45
Cedric Mullins,BAL,7,6,0,2,0,4,0.094,0.18100000000000002,0.156,0.337,2019-05-04 12:54:45
Max Muncy,LAD,10,19,2,1,5,14,0.23199999999999998,0.33,0.46299999999999997,0.7929999999999999,2019-05-04 12:54:45
Yairo Munoz,STL,2,2,1,0,0,0,0.2,0.273,0.3,0.573,2019-05-04 12:54:45
Daniel Murphy,COL,4,6,2,0,1,2,0.25,0.28,0.45799999999999996,0.738,2019-05-04 12:54:45
John Ryan Murphy,ARI,7,8,1,0,3,4,0.25,0.35100000000000003,0.563,0.914,2019-05-04 12:54:45
Tom Murphy,SEA,3,10,3,0,2,4,0.37,0.433,0.7040000000000001,1.137,2019-05-04 12:54:45
Joe Musgrove,PIT,0,0,0,0,0,0,0.0,0.111,0.0,0.111,2019-05-04 12:54:45
Wil Myers,SDP,13,25,5,0,5,11,0.272,0.316,0.489,0.805,2019-05-04 12:54:45
Tyler Naquin,CLE,7,17,4,0,1,7,0.24600000000000002,0.278,0.348,0.626,2019-05-04 12:54:45
Omar Narvaez,SEA,19,24,2,0,5,13,0.293,0.366,0.5,0.866,2019-05-04 12:54:45
Sean Newcomb,ATL,0,0,0,0,0,0,0.0,0.0,0.0,0.0,2019-05-04 12:54:45
Kevin Newman,PIT,0,3,1,0,0,2,0.273,0.33299999999999996,0.364,0.6970000000000001,2019-05-04 12:54:45
Juan Nicasio,PHI,0,0,0,0,0,0,0.0,0.0,0.0,0.0,2019-05-04 12:54:45
Tomas Nido,NYM,0,0,0,0,0,0,0.0,0.0,0.0,0.0,2019-05-04 12:54:45
Brandon Nimmo,NYM,15,19,4,0,3,8,0.247,0.363,0.41600000000000004,0.778,2019-05-04 12:54:45
Aaron Nola,PHI,2,0,0,0,0,0,0.0,0.2,0.0,0.2,2019-05-04 12:54:45
Jake Noll,WSN,0,1,1,0,0,2,0.16699999999999998,0.28600000000000003,0.33299999999999996,0.619,2019-05-04 12:54:45
Eduardo Nunez,BOS,3,7,1,0,0,5,0.159,0.17800000000000002,0.182,0.36,2019-05-04 12:54:45
Renato Nunez,BAL,17,29,5,0,6,18,0.287,0.33899999999999997,0.515,0.8540000000000001,2019-05-04 12:54:45
Peter O'Brien,MIA,1,3,0,0,1,2,0.111,0.2,0.222,0.42200000000000004,2019-05-04 12:54:45
Ryan O'Hearn,KCR,11,14,3,1,3,8,0.184,0.308,0.368,0.6759999999999999,2019-05-04 12:54:45
Tyler O'Neill,STL,4,9,2,0,1,4,0.3,0.32299999999999995,0.467,0.789,2019-05-04 12:54:45
Rougned Odor,TEX,8,8,2,0,1,5,0.157,0.259,0.255,0.514,2019-05-04 12:54:45
Matt Olson,OAK,1,1,0,0,0,0,0.2,0.33299999999999996,0.2,0.5329999999999999,2019-05-04 12:54:45
Corey Oswalt,NYM,0,0,0,0,0,1,0.0,0.0,0.0,0.0,2019-05-04 12:54:45
Chris Owings,KCR,8,14,3,1,2,8,0.159,0.22899999999999998,0.284,0.513,2019-05-04 12:54:45
Marcell Ozuna,STL,21,24,5,0,10,26,0.27,0.35600000000000004,0.6629999999999999,1.0190000000000001,2019-05-04 12:54:45
Chris Paddack,SDP,0,0,0,0,0,0,0.0,0.0,0.0,0.0,2019-05-04 12:54:45
Daniel Palka,CHW,0,1,0,0,0,2,0.028999999999999998,0.19,0.028999999999999998,0.21899999999999997,2019-05-04 12:54:45
Joe Panik,SFG,4,13,3,0,1,6,0.183,0.263,0.268,0.53,2019-05-04 12:54:45
Gerardo Parra,SFG,8,16,3,0,1,6,0.20800000000000002,0.287,0.28600000000000003,0.573,2019-05-04 12:54:45
James Paxton,NYY,0,0,0,0,0,0,0.0,0.0,0.0,0.0,2019-05-04 12:54:45
Steve Pearce,BOS,2,4,1,0,0,1,0.114,0.184,0.14300000000000002,0.327,2019-05-04 12:54:45
Joc Pederson,LAD,19,21,1,2,10,18,0.25,0.366,0.667,1.033,2019-05-04 12:54:45
Dustin Pedroia,BOS,1,2,0,0,0,1,0.1,0.14300000000000002,0.1,0.243,2019-05-04 12:54:45
Hunter Pence,TEX,10,14,2,0,2,9,0.292,0.327,0.45799999999999996,0.785,2019-05-04 12:54:45
David Peralta,ARI,18,38,13,1,4,19,0.33299999999999996,0.37200000000000005,0.57,0.9420000000000001,2019-05-04 12:54:45
Freddy Peralta,MIL,1,1,0,0,0,1,0.2,0.2,0.2,0.4,2019-05-04 12:54:45
Jose Peraza,CIN,9,14,2,0,2,5,0.182,0.203,0.28600000000000003,0.488,2019-05-04 12:54:45
Hernan Perez,MIL,7,11,1,0,3,6,0.244,0.306,0.467,0.773,2019-05-04 12:54:45
Martin Perez,MIN,1,0,0,0,0,0,0.0,0.0,0.0,0.0,2019-05-04 12:54:45
Michael Perez,TBR,5,8,3,0,0,1,0.258,0.37799999999999995,0.355,0.733,2019-05-04 12:54:45
Roberto Perez,CLE,3,11,2,0,2,5,0.2,0.28600000000000003,0.345,0.631,2019-05-04 12:54:45
Dustin Peterson,DET,3,10,4,0,0,6,0.22699999999999998,0.27699999999999997,0.318,0.595,2019-05-04 12:54:45
Tommy Pham,TBR,13,29,1,1,4,10,0.305,0.42200000000000004,0.46299999999999997,0.8859999999999999,2019-05-04 12:54:45
Josh Phegley,OAK,12,15,4,0,3,11,0.254,0.27899999999999997,0.475,0.753,2019-05-04 12:54:45
Kevin Pillar,SFG,11,16,3,0,4,14,0.20800000000000002,0.24100000000000002,0.40299999999999997,0.644,2019-05-04 12:54:45
Manny Pina,MIL,1,4,1,0,0,1,0.182,0.33299999999999996,0.22699999999999998,0.561,2019-05-04 12:54:45
Chad Pinder,OAK,13,25,6,0,3,11,0.316,0.337,0.506,0.8440000000000001,2019-05-04 12:54:45
Michael Pineda,MIN,0,0,0,0,0,0,0.0,0.0,0.0,0.0,2019-05-04 12:54:45
Jose Pirela,SDP,0,0,0,0,0,0,0.0,0.0,0.0,0.0,2019-05-04 12:54:45
Stephen Piscotty,OAK,13,30,5,1,4,14,0.273,0.336,0.445,0.782,2019-05-04 12:54:45
Nick Pivetta,PHI,0,0,0,0,0,0,0.0,0.0,0.0,0.0,2019-05-04 12:54:45
Kevin Plawecki,CLE,3,6,3,0,1,1,0.222,0.364,0.444,0.8079999999999999,2019-05-04 12:54:45
Gregory Polanco,PIT,2,6,1,0,0,0,0.353,0.389,0.41200000000000003,0.8009999999999999,2019-05-04 12:54:45
Jorge Polanco,MIN,15,31,6,3,5,10,0.341,0.396,0.637,1.033,2019-05-04 12:54:45
A.J. Pollock,LAD,15,23,3,1,2,14,0.23199999999999998,0.297,0.34299999999999997,0.6409999999999999,2019-05-04 12:54:45
Drew Pomeranz,SFG,0,0,0,0,0,0,0.0,0.0,0.0,0.0,2019-05-04 12:54:45
Daniel Ponce de Leon,STL,0,0,0,0,0,0,0.0,0.0,0.0,0.0,2019-05-04 12:54:45
Rick Porcello,BOS,0,0,0,0,0,0,0.0,0.0,0.0,0.0,2019-05-04 12:54:45
Buster Posey,SFG,6,20,8,0,1,8,0.247,0.311,0.38299999999999995,0.6940000000000001,2019-05-04 12:54:45
Martin Prado,MIA,5,17,3,0,1,7,0.28800000000000003,0.313,0.39,0.7020000000000001,2019-05-04 12:54:45
David Price,BOS,0,1,0,0,0,1,0.5,0.5,0.5,1.0,2019-05-04 12:54:45
Jurickson Profar,OAK,9,16,3,1,2,11,0.162,0.222,0.273,0.495,2019-05-04 12:54:45
Yasiel Puig,CIN,7,18,3,0,4,15,0.205,0.217,0.375,0.5920000000000001,2019-05-04 12:54:45
Albert Pujols,LAA,10,18,3,0,4,13,0.217,0.32299999999999995,0.39799999999999996,0.721,2019-05-04 12:54:45
Roman Quinn,PHI,1,3,0,0,0,1,0.12,0.185,0.12,0.305,2019-05-04 12:54:45
Jose Quintana,CHC,0,0,0,0,0,0,0.0,0.0,0.0,0.0,2019-05-04 12:54:45
Hanley Ramirez,CLE,4,9,1,0,2,8,0.184,0.298,0.327,0.625,2019-05-04 12:54:45
Jose Ramirez,CLE,13,17,4,0,2,9,0.17300000000000001,0.268,0.276,0.5429999999999999,2019-05-04 12:54:45
Wilson Ramos,NYM,10,20,1,0,1,16,0.26,0.33299999999999996,0.312,0.645,2019-05-04 12:54:45
Robbie Ray,ARI,0,0,0,0,0,0,0.0,0.0,0.0,0.0,2019-05-04 12:54:45
J.T. Realmuto,PHI,18,27,4,0,4,18,0.278,0.345,0.44299999999999995,0.789,2019-05-04 12:54:45
Josh Reddick,HOU,12,28,3,0,3,6,0.354,0.40700000000000003,0.506,0.9129999999999999,2019-05-04 12:54:45
Michael Reed,SFG,0,0,0,0,0,0,0.0,0.0,0.0,0.0,2019-05-04 12:54:45
Anthony Rendon,WSN,21,26,10,0,6,18,0.35600000000000004,0.442,0.74,1.182,2019-05-04 12:54:45
Hunter Renfroe,SDP,9,16,5,1,6,11,0.239,0.28800000000000003,0.612,0.9,2019-05-04 12:54:45
Luis Rengifo,LAA,1,3,1,0,0,1,0.33299999999999996,0.41700000000000004,0.444,0.861,2019-05-04 12:54:45
Franmil Reyes,SDP,7,14,2,0,6,11,0.192,0.256,0.466,0.722,2019-05-04 12:54:45
Pablo Reyes,PIT,4,4,0,0,0,2,0.121,0.19399999999999998,0.121,0.316,2019-05-04 12:54:45
Bryan Reynolds,PIT,0,8,4,0,0,0,0.4,0.4,0.6,1.0,2019-05-04 12:54:45
Mark Reynolds,COL,5,10,1,0,3,8,0.196,0.32799999999999996,0.392,0.72,2019-05-04 12:54:45
Trevor Richards,MIA,0,1,0,0,0,0,0.1,0.1,0.1,0.2,2019-05-04 12:54:45
Joey Rickard,BAL,9,17,4,2,2,6,0.213,0.276,0.38799999999999996,0.6629999999999999,2019-05-04 12:54:45
JT Riddle,MIA,3,5,0,0,2,3,0.156,0.156,0.344,0.5,2019-05-04 12:54:45
Anthony Rizzo,CHC,19,20,5,1,5,16,0.22,0.36,0.462,0.8220000000000001,2019-05-04 12:54:45
Tanner Roark,CIN,0,0,0,0,0,0,0.0,0.0,0.0,0.0,2019-05-04 12:54:45
Daniel Robertson,TBR,6,12,3,0,0,7,0.16899999999999998,0.263,0.21100000000000002,0.474,2019-05-04 12:54:45
Drew Robinson,STL,1,1,0,0,0,0,0.14300000000000002,0.14300000000000002,0.14300000000000002,0.28600000000000003,2019-05-04 12:54:45
Victor Robles,WSN,17,24,7,1,3,10,0.261,0.306,0.457,0.763,2019-05-04 12:54:45
Dereck Rodriguez,SFG,1,2,0,0,0,0,0.16699999999999998,0.16699999999999998,0.16699999999999998,0.33299999999999996,2019-05-04 12:54:45
Ronny Rodriguez,DET,5,7,4,0,2,4,0.304,0.32,0.7390000000000001,1.0590000000000002,2019-05-04 12:54:45
Sean Rodriguez,PHI,2,3,2,0,1,3,0.231,0.28600000000000003,0.615,0.9009999999999999,2019-05-04 12:54:45
Miguel Rojas,MIA,7,22,6,0,0,7,0.275,0.33,0.35,0.68,2019-05-04 12:54:45
Austin Romine,NYY,5,11,1,0,1,8,0.25,0.267,0.341,0.608,2019-05-04 12:54:45
Jose Rondon,CHW,4,10,2,0,2,4,0.294,0.33299999999999996,0.529,0.863,2019-05-04 12:54:45
Amed Rosario,NYM,9,25,3,2,2,15,0.263,0.307,0.4,0.7070000000000001,2019-05-04 12:54:45
Eddie Rosario,MIN,19,25,5,0,11,24,0.263,0.307,0.6629999999999999,0.97,2019-05-04 12:54:45
Randy Rosario,CHC,0,0,0,0,0,0,0.0,0.0,0.0,0.0,2019-05-04 12:54:45
Rio Ruiz,BAL,8,21,2,0,2,10,0.25,0.34700000000000003,0.345,0.6920000000000001,2019-05-04 12:54:45
Hyun-Jin Ryu,LAD,1,0,0,0,0,0,0.0,0.222,0.0,0.222,2019-05-04 12:54:45
Tyler Saladino,MIL,0,0,0,0,0,0,0.0,0.0,0.0,0.0,2019-05-04 12:54:45
Jeff Samardzija,SFG,0,0,0,0,0,0,0.0,0.0,0.0,0.0,2019-05-04 12:54:45
Anibal Sanchez,WSN,0,1,0,0,0,0,0.1,0.1,0.1,0.2,2019-05-04 12:54:45
Gary Sanchez,NYY,7,12,1,0,7,15,0.231,0.31,0.654,0.9640000000000001,2019-05-04 12:54:45
Yolmer Sanchez,CHW,7,14,2,0,0,2,0.23,0.309,0.262,0.5710000000000001,2019-05-04 12:54:45
Pablo Sandoval,SFG,7,12,7,0,2,5,0.3,0.3,0.625,0.925,2019-05-04 12:54:45
Carlos Santana,CLE,14,26,5,0,1,13,0.302,0.429,0.395,0.8240000000000001,2019-05-04 12:54:45
Danny Santana,TEX,10,17,4,1,2,8,0.315,0.33899999999999997,0.537,0.8759999999999999,2019-05-04 12:54:45
Dennis Santana,LAD,0,1,0,0,0,0,0.5,0.5,0.5,1.0,2019-05-04 12:54:45
Domingo Santana,SEA,16,36,6,0,6,30,0.298,0.368,0.496,0.8640000000000001,2019-05-04 12:54:45
Scott Schebler,CIN,10,9,1,0,2,5,0.132,0.263,0.235,0.498,2019-05-04 12:54:45
Max Scherzer,WSN,1,2,0,0,0,1,0.125,0.125,0.125,0.25,2019-05-04 12:54:45
Jonathan Schoop,MIN,14,21,7,0,4,11,0.266,0.318,0.506,0.8240000000000001,2019-05-04 12:54:45
Kyle Schwarber,CHC,8,17,4,0,3,6,0.22399999999999998,0.28,0.395,0.675,2019-05-04 12:54:45
Frank Schwindel,KCR,0,1,0,0,0,0,0.067,0.067,0.067,0.133,2019-05-04 12:54:45
Corey Seager,LAD,17,25,7,0,2,7,0.255,0.354,0.38799999999999996,0.742,2019-05-04 12:54:45
Jean Segura,PHI,13,22,5,1,1,10,0.324,0.387,0.47100000000000003,0.857,2019-05-04 12:54:45
Marcus Semien,OAK,21,34,8,0,4,16,0.312,0.387,0.495,0.883,2019-05-04 12:54:45
Antonio Senzatela,COL,0,0,0,0,0,0,0.0,0.0,0.0,0.0,2019-05-04 12:54:45
Pedro Severino,BAL,4,9,1,0,3,7,0.231,0.302,0.48700000000000004,0.79,2019-05-04 12:54:45
Paul Sewald,NYM,0,0,0,0,0,0,0.0,0.0,0.0,0.0,2019-05-04 12:54:45
Travis Shaw,MIL,9,18,3,0,4,8,0.19399999999999998,0.28600000000000003,0.355,0.6409999999999999,2019-05-04 12:54:45
JB Shuck,PIT,3,9,0,1,0,2,0.209,0.34600000000000003,0.256,0.602,2019-05-04 12:54:45
Andrelton Simmons,LAA,12,31,10,0,3,15,0.27399999999999997,0.293,0.442,0.736,2019-05-04 12:54:45
Tyler Skaggs,LAA,0,0,0,0,0,0,0.0,0.0,0.0,0.0,2019-05-04 12:54:45
Caleb Smith,MIA,0,1,0,0,0,1,0.111,0.111,0.111,0.222,2019-05-04 12:54:45
Dominic Smith,NYM,7,10,2,0,0,4,0.4,0.531,0.48,1.011,2019-05-04 12:54:45
Dwight Smith Jr.,BAL,17,27,7,0,5,19,0.278,0.33,0.505,0.835,2019-05-04 12:54:45
Kevan Smith,LAA,6,11,3,0,1,3,0.268,0.36200000000000004,0.415,0.7759999999999999,2019-05-04 12:54:45
Mallex Smith,SEA,15,16,1,2,1,5,0.172,0.264,0.258,0.522,2019-05-04 12:54:45
Justin Smoak,TOR,15,23,3,0,5,17,0.28,0.40399999999999997,0.5,0.904,2019-05-04 12:54:45
Chad Sobotka,ATL,0,0,0,0,0,0,0.0,0.0,0.0,0.0,2019-05-04 12:54:45
Eric Sogard,TOR,7,14,3,0,2,8,0.4,0.475,0.657,1.1320000000000001,2019-05-04 12:54:45
Yangervis Solarte,SFG,7,12,4,0,1,7,0.235,0.29100000000000004,0.373,0.6629999999999999,2019-05-04 12:54:45
Jorge Soler,KCR,11,24,7,0,6,15,0.233,0.295,0.47600000000000003,0.77,2019-05-04 12:54:45
Mike Soroka,ATL,0,0,0,0,0,0,0.0,0.0,0.0,0.0,2019-05-04 12:54:45
Juan Soto,WSN,15,23,5,0,5,19,0.25,0.37799999999999995,0.467,0.846,2019-05-04 12:54:45
George Springer,HOU,19,29,6,0,8,22,0.271,0.363,0.551,0.914,2019-05-04 12:54:45
Jacob Stallings,PIT,1,3,0,0,0,0,0.273,0.273,0.273,0.545,2019-05-04 12:54:45
Eric Stamets,CLE,4,2,1,0,0,2,0.049,0.149,0.073,0.222,2019-05-04 12:54:45
Giancarlo Stanton,NYY,1,2,0,0,0,0,0.25,0.6,0.25,0.85,2019-05-04 12:54:45
Max Stassi,HOU,1,3,0,0,1,2,0.10300000000000001,0.133,0.207,0.34,2019-05-04 12:54:45
Brock Stewart,LAD,1,1,1,0,0,0,0.33299999999999996,0.33299999999999996,0.667,1.0,2019-05-04 12:54:45
Christin Stewart,DET,6,12,5,1,3,13,0.222,0.313,0.519,0.831,2019-05-04 12:54:45
Trevor Story,COL,21,31,4,1,7,19,0.292,0.35600000000000004,0.547,0.903,2019-05-04 12:54:45
Matt Strahm,SDP,0,2,1,0,0,0,0.25,0.25,0.375,0.625,2019-05-04 12:54:45
Stephen Strasburg,WSN,0,1,1,0,0,1,0.091,0.16699999999999998,0.182,0.348,2019-05-04 12:54:45
Chris Stratton,LAA,0,0,0,0,0,0,0.0,0.0,0.0,0.0,2019-05-04 12:54:45
Ross Stripling,LAD,1,1,0,0,0,0,0.1,0.182,0.1,0.282,2019-05-04 12:54:45
Eugenio Suarez,CIN,10,21,5,0,6,14,0.24100000000000002,0.34700000000000003,0.506,0.852,2019-05-04 12:54:45
Jesus Sucre,BAL,3,13,2,0,0,3,0.21,0.26899999999999996,0.242,0.511,2019-05-04 12:54:45
Wander Suero,WSN,0,0,0,0,0,0,0.0,0.0,0.0,0.0,2019-05-04 12:54:45
Ichiro Suzuki,SEA,0,0,0,0,0,0,0.0,0.16699999999999998,0.0,0.16699999999999998,2019-05-04 12:54:45
Kurt Suzuki,WSN,4,9,1,0,2,8,0.231,0.27899999999999997,0.41,0.6890000000000001,2019-05-04 12:54:45
Dansby Swanson,ATL,13,21,4,2,5,21,0.247,0.34,0.518,0.858,2019-05-04 12:54:45
Erik Swanson,SEA,0,0,0,0,0,0,0.0,0.0,0.0,0.0,2019-05-04 12:54:45
Blake Swihart,ARI,1,1,0,0,0,2,0.091,0.16699999999999998,0.091,0.258,2019-05-04 12:54:45
Noah Syndergaard,NYM,3,1,0,0,1,1,0.091,0.231,0.364,0.594,2019-05-04 12:54:45
Jameson Taillon,PIT,0,2,0,0,0,0,0.25,0.25,0.25,0.5,2019-05-04 12:54:45
Raimel Tapia,COL,4,17,4,3,3,10,0.27399999999999997,0.318,0.581,0.899,2019-05-04 12:54:45
Fernando Tatis Jr.,SDP,13,27,5,1,6,13,0.284,0.349,0.547,0.8959999999999999,2019-05-04 12:54:45
Mike Tauchman,NYY,9,10,4,0,3,8,0.185,0.302,0.426,0.728,2019-05-04 12:54:45
Chris Taylor,LAD,2,11,2,0,1,7,0.172,0.26,0.25,0.51,2019-05-04 12:54:45
Michael A. Taylor,WSN,2,3,1,0,0,0,0.273,0.429,0.364,0.792,2019-05-04 12:54:45
Julio Teheran,ATL,0,0,0,0,0,0,0.0,0.0,0.0,0.0,2019-05-04 12:54:45
Rowdy Tellez,TOR,11,16,2,0,5,16,0.235,0.312,0.485,0.797,2019-05-04 12:54:45
Eric Thames,MIL,10,15,1,0,5,16,0.294,0.373,0.608,0.981,2019-05-04 12:54:45
Lane Thomas,STL,1,4,0,0,1,4,0.4,0.455,0.7,1.155,2019-05-04 12:54:45
Gleyber Torres,NYY,14,27,6,0,4,12,0.255,0.28300000000000003,0.425,0.708,2019-05-04 12:54:45
Touki Toussaint,ATL,0,0,0,0,0,0,0.0,0.0,0.0,0.0,2019-05-04 12:54:45
Sam Travis,BOS,0,2,0,0,0,0,0.28600000000000003,0.28600000000000003,0.28600000000000003,0.5710000000000001,2019-05-04 12:54:45
Mike Trout,LAA,17,23,5,0,6,16,0.295,0.495,0.59,1.085,2019-05-04 12:54:45
Cole Tucker,PIT,2,6,3,0,1,2,0.222,0.276,0.444,0.72,2019-05-04 12:54:45
Troy Tulowitzki,NYY,1,2,1,0,1,1,0.182,0.308,0.545,0.853,2019-05-04 12:54:45
Justin Turner,LAD,9,26,3,0,0,9,0.271,0.374,0.302,0.6759999999999999,2019-05-04 12:54:45
Trea Turner,WSN,4,5,1,0,2,4,0.35700000000000004,0.4,0.857,1.2570000000000001,2019-05-04 12:54:45
Jose Urena,MIA,1,0,0,0,0,0,0.0,0.0,0.0,0.0,2019-05-04 12:54:45
Richard Urena,TOR,2,10,3,0,0,0,0.313,0.33299999999999996,0.406,0.74,2019-05-04 12:54:45
Julio Urias,LAD,0,1,0,0,0,1,0.33299999999999996,0.33299999999999996,0.33299999999999996,0.667,2019-05-04 12:54:45
Luis Urias,SDP,2,2,1,0,0,0,0.083,0.24100000000000002,0.125,0.366,2019-05-04 12:54:45
Gio Urshela,NYY,7,18,6,0,1,6,0.327,0.387,0.491,0.878,2019-05-04 12:54:45
Pat Valaika,COL,3,2,1,0,0,0,0.07400000000000001,0.19399999999999998,0.111,0.305,2019-05-04 12:54:45
Ildemaro Vargas,ARI,6,8,3,0,1,4,0.205,0.205,0.359,0.564,2019-05-04 12:54:45
Jason Vargas,NYM,0,0,0,0,0,0,0.0,0.0,0.0,0.0,2019-05-04 12:54:45
Christian Vazquez,BOS,10,15,3,0,4,13,0.22399999999999998,0.264,0.44799999999999995,0.7120000000000001,2019-05-04 12:54:45
Felipe Vazquez,PIT,0,0,0,0,0,0,0.0,0.0,0.0,0.0,2019-05-04 12:54:45
Vince Velasquez,PHI,0,1,0,0,0,0,0.16699999999999998,0.28600000000000003,0.16699999999999998,0.452,2019-05-04 12:54:45
Hector Velazquez,BOS,0,0,0,0,0,0,0.0,0.0,0.0,0.0,2019-05-04 12:54:45
Alex Verdugo,LAD,8,22,4,2,4,16,0.355,0.375,0.677,1.052,2019-05-04 12:54:45
Jonathan Villar,BAL,19,31,5,1,3,10,0.272,0.341,0.41200000000000003,0.754,2019-05-04 12:54:45
Daniel Vogelbach,SEA,15,20,5,0,8,16,0.294,0.44299999999999995,0.721,1.1640000000000001,2019-05-04 12:54:45
Luke Voit,NYY,19,27,3,0,8,23,0.265,0.38,0.529,0.91,2019-05-04 12:54:45
Joey Votto,CIN,13,19,6,0,3,5,0.23199999999999998,0.344,0.415,0.758,2019-05-04 12:54:45
Michael Wacha,STL,0,0,0,0,0,0,0.0,0.0,0.0,0.0,2019-05-04 12:54:45
Tyler Wade,NYY,7,9,0,0,0,3,0.243,0.349,0.243,0.5920000000000001,2019-05-04 12:54:45
Adam Wainwright,STL,0,1,0,0,0,1,0.14300000000000002,0.25,0.14300000000000002,0.39299999999999996,2019-05-04 12:54:45
Marcus Walden,BOS,0,0,0,0,0,0,0.0,0.0,0.0,0.0,2019-05-04 12:54:45
Christian Walker,ARI,15,29,9,0,7,15,0.312,0.373,0.634,1.0070000000000001,2019-05-04 12:54:45
Neil Walker,MIA,6,20,4,0,3,4,0.26,0.345,0.429,0.773,2019-05-04 12:54:45
Chad Wallach,MIA,4,7,1,0,1,1,0.28,0.4,0.44,0.84,2019-05-04 12:54:45
Taylor Ward,LAA,0,1,1,0,0,0,0.16699999999999998,0.16699999999999998,0.33299999999999996,0.5,2019-05-04 12:54:45
Luke Weaver,ARI,1,1,0,0,1,2,0.111,0.111,0.444,0.556,2019-05-04 12:54:45
Joey Wendle,TBR,0,3,1,0,0,2,0.136,0.24,0.182,0.42200000000000004,2019-05-04 12:54:45
Zack Wheeler,NYM,2,3,1,0,1,3,0.273,0.273,0.636,0.909,2019-05-04 12:54:45
Tyler White,HOU,3,11,2,0,0,0,0.268,0.4,0.317,0.7170000000000001,2019-05-04 12:54:45
Brad Wieck,SDP,0,0,0,0,0,0,0.0,0.0,0.0,0.0,2019-05-04 12:54:45
Matt Wieters,STL,0,4,0,0,0,5,0.364,0.385,0.364,0.748,2019-05-04 12:54:45
Aaron Wilkerson,MIL,1,1,0,0,1,2,1.0,1.0,4.0,5.0,2019-05-04 12:54:45
Stevie Wilkerson,BAL,2,3,0,0,1,1,0.188,0.188,0.375,0.563,2019-05-04 12:54:45
Nick Williams,PHI,3,6,2,0,1,4,0.2,0.25,0.36700000000000005,0.617,2019-05-04 12:54:45
Trevor Williams,PIT,0,1,0,0,0,2,0.125,0.222,0.125,0.34700000000000003,2019-05-04 12:54:45
Bryse Wilson,ATL,0,0,0,0,0,0,0.0,0.0,0.0,0.0,2019-05-04 12:54:45
Jesse Winker,CIN,14,19,1,0,7,12,0.23800000000000002,0.315,0.513,0.8270000000000001,2019-05-04 12:54:45
Patrick Wisdom,TEX,1,4,1,0,0,1,0.154,0.185,0.192,0.377,2019-05-04 12:54:45
Tony Wolters,COL,3,14,6,0,0,4,0.26899999999999996,0.35600000000000004,0.385,0.741,2019-05-04 12:54:45
Kolten Wong,STL,13,22,3,1,4,14,0.265,0.40399999999999997,0.47,0.8740000000000001,2019-05-04 12:54:45
Brandon Woodruff,MIL,1,5,2,0,0,2,0.455,0.5,0.636,1.136,2019-05-04 12:54:45
Kyle Wright,ATL,0,0,0,0,0,0,0.0,0.0,0.0,0.0,2019-05-04 12:54:45
Christian Yelich,MIL,26,35,4,0,14,34,0.35,0.45899999999999996,0.81,1.2690000000000001,2019-05-04 12:54:45
Mark Zagunis,CHC,1,7,3,0,0,4,0.25,0.25,0.35700000000000004,0.607,2019-05-04 12:54:45
Ryan Zimmerman,WSN,7,16,3,0,3,11,0.213,0.302,0.373,0.6759999999999999,2019-05-04 12:54:45
Ben Zobrist,CHC,7,15,0,0,0,5,0.217,0.304,0.217,0.521,2019-05-04 12:54:45
Mike Zunino,TBR,7,15,5,1,2,12,0.23800000000000002,0.273,0.444,0.7170000000000001,2019-05-04 12:54:45
